Marque,Modele,Annee,Prix,Kilometrage,Boite_vitesse,Region
Nissan,Murano,2008,3200000.0,115305.0,Automatique,Dakar
Ford,Escort,2007,2700000.0,174000.0,Manuelle,Dakar
Nissan,Qashqai,2014,7800000.0,63000.0,Automatique,Dakar
Mazda,6,2010,4000000.0,182000.0,Automatique,Dakar
Peugeot,307,2007,2400000.0,160000.0,Manuelle,Dakar
Citroen,C3,2008,2300000.0,128000.0,Manuelle,Dakar
Volkswagen,Golf,2003,2500000.0,160000.0,Manuelle,Dakar
Hyundai,Tucson,2008,3400000.0,140000.0,Manuelle,Dakar
Nissan,Murano,2011,2300000.0,188000.0,Automatique,Dakar
Citroen,Berlingo,2008,3300000.0,214000.0,Manuelle,Dakar
C3,,,1800000.0,220000.0,Manuelle,Dakar
Ford,Edge,2011,9800000.0,80000.0,Automatique,Dakar
Land Rover,Range Rover Sport,2008,6000000.0,130000.0,Automatique,Dakar
Toyota,Auris,2005,3500000.0,179315.0,Manuelle,Dakar
Mitsubishi,L200,2006,7500000.0,160000.0,Manuelle,Dakar
Mercedes‒Benz,190,2004,2200000.0,140000.0,Manuelle,Dakar
Peugeot,308,2012,3800000.0,103000.0,Manuelle,Dakar
Renault,Scenic,2009,1300000.0,160000.0,Manuelle,Dakar
Nissan,Altima,2014,2500000.0,110000.0,Automatique,Dakar
Peugeot,605,2004,2200000.0,160000.0,Manuelle,Dakar
Renault,Scenic,2005,2200000.0,140000.0,Manuelle,Dakar
Renault,Megane,2005,2000000.0,160000.0,Manuelle,Dakar
Honda,Elysion,2011,3500000.0,160000.0,Automatique,Dakar
Dacia,Logan,2010,2000000.0,161000.0,Manuelle,Dakar
Honda,Civic,2007,2300000.0,180000.0,Automatique,Dakar
Skoda,Fabia,2007,1800000.0,220000.0,Manuelle,Dakar
Toyota,Aygo,2009,2700000.0,150000.0,Manuelle,Dakar
Chevrolet,Camaro,2012,4000000.0,220000.0,Manuelle,Dakar
Peugeot,309,2000,2800000.0,130000.0,Manuelle,Dakar
Peugeot,307,2008,2600000.0,250000.0,Manuelle,Dakar
Kia,Sorento,2009,3800000.0,140000.0,Manuelle,Dakar
Renault,19,1989,2300000.0,180000.0,Manuelle,Dakar
Rover,600,2002,1800000.0,128000.0,Manuelle,Dakar
Toyota,Camry,2011,3800000.0,0.0,Automatique,Dakar
Skoda,Octavia,2012,4000000.0,70000.0,Manuelle,Dakar
Peugeot,307,2008,1900000.0,160000.0,Manuelle,Dakar
Hyundai,Sonata,2011,3500000.0,66000.0,Automatique,Dakar
Opel,Astra,2003,2500000.0,160000.0,Manuelle,Dakar
Hyundai,Tucson,2006,3000000.0,164231.0,Manuelle,Dakar
Volkswagen,Passat,2006,2500000.0,164686.0,Manuelle,Dakar
Ford,Taurus,2006,3800000.0,200000.0,Manuelle,Dakar
Volkswagen,Passat,2007,2900000.0,265000.0,Manuelle,Dakar
Peugeot,307,2007,2200000.0,160000.0,Manuelle,Dakar
Toyota,Land Cruiser Prado,2005,3800000.0,130000.0,Manuelle,Dakar
Peugeot,307,2008,3200000.0,140000.0,Manuelle,Dakar
Ford,Focus,2006,2150000.0,160000.0,Manuelle,Dakar
Peugeot,307,2008,2500000.0,128000.0,Manuelle,Dakar
Hyundai,Getz,2008,1800000.0,98000.0,Manuelle,Dakar
Nissan,Altima,2012,3000000.0,130000.0,Automatique,Dakar
SsangYong,Kyron,2007,2000000.0,120000.0,Automatique,Dakar
Renault,Megane,2006,1700000.0,180000.0,Manuelle,Dakar
Mitsubishi,L200,2008,7200000.0,160000.0,Manuelle,Dakar
Renault,Laguna,2007,2300000.0,84000.0,Manuelle,Dakar
Peugeot,406,2004,2000000.0,18000.0,Manuelle,Dakar
Peugeot,406,2002,2200000.0,140000.0,Manuelle,Dakar
Renault,19,2002,2100000.0,160000.0,Manuelle,Dakar
Peugeot,406,2003,2600000.0,160000.0,Manuelle,Dakar
Peugeot,308,2009,2300000.0,311368.0,Manuelle,Dakar
Hyundai,Tucson,2009,4000000.0,140000.0,Manuelle,Dakar
Peugeot,307,2007,2100000.0,140000.0,Manuelle,Dakar
Ford,Escape,2011,4000000.0,109400.0,Manuelle,Dakar
Peugeot,307,2007,2300000.0,210000.0,Manuelle,Dakar
Citroen,C4,2008,2100000.0,160000.0,Manuelle,Dakar
Peugeot,307,2007,2200000.0,160000.0,Manuelle,Dakar
Daewoo,Matiz,2009,3000000.0,120000.0,Manuelle,Dakar
Ford,Edge,2008,7000000.0,125000.0,Automatique,Dakar
Peugeot,307,2007,2500000.0,160000.0,Manuelle,Dakar
Mitsubishi,L200,2012,11900000.0,116000.0,Manuelle,Dakar
Citroen,C4,2006,2200000.0,160000.0,Manuelle,Dakar
Peugeot,307,2008,2800000.0,160000.0,Manuelle,Dakar
Kia,Soul,2010,3500000.0,172900.0,Manuelle,Dakar
Peugeot,308,2009,3300000.0,256730.0,Manuelle,Dakar
Peugeot,307,2007,2300000.0,160000.0,Manuelle,Dakar
Volkswagen,Golf,2000,1500000.0,160000.0,Manuelle,Dakar
Peugeot,308,2009,3600000.0,140000.0,Manuelle,Dakar
Toyota,Prado,2000,4000000.0,140000.0,Manuelle,Dakar
Renault,Clio,2004,1900000.0,120000.0,Manuelle,Dakar
Citroen,C5,2005,2100000.0,334000.0,Manuelle,Dakar
Toyota,Camry,2009,3500000.0,145000.0,Automatique,Dakar
Peugeot,307,2007,2000000.0,160000.0,Manuelle,Dakar
Renault,Clio,2010,2700000.0,120000.0,Manuelle,Dakar
Volkswagen,Passat,2007,2000000.0,90000.0,Automatique,Dakar
Peugeot,308,2008,2500000.0,140000.0,Manuelle,Dakar
Mitsubishi,Spacestar,2008,2000000.0,160000.0,Manuelle,Dakar
Peugeot,407,2007,2800000.0,120000.0,Manuelle,Dakar
Ford,Focus,2014,4500000.0,115000.0,Automatique,Dakar
Peugeot,307,2007,2000000.0,160000.0,Manuelle,Dakar
Dacia,Logan,2009,2200000.0,160000.0,Manuelle,Dakar
Peugeot,207,2012,3800000.0,142000.0,Automatique,Dakar
Ford,Escape,2006,4500000.0,120000.0,Automatique,Dakar
Hyundai,Tucson,2008,2600000.0,110000.0,Manuelle,Dakar
Ford,Escape,2010,6000000.0,180000.0,Automatique,Dakar
Renault,Megane,2008,1600000.0,160000.0,Manuelle,Dakar
Renault,19,2000,2000000.0,160000.0,Manuelle,Dakar
Skoda,Octavia,2008,1900000.0,160000.0,Manuelle,Dakar
Peugeot,307,2004,2700000.0,140000.0,Manuelle,Dakar
Hyundai,Elantra,2013,6500000.0,66000.0,Automatique,Dakar
Peugeot,807,2007,2800000.0,160000.0,Manuelle,Dakar
Peugeot,405,2002,2200000.0,160000.0,Manuelle,Dakar
Peugeot,308,2007,2800000.0,230000.0,Manuelle,Dakar
Citroen,C3,2008,2100000.0,110000.0,Manuelle,Dakar
Renault,Logan,2007,2900000.0,160000.0,Manuelle,Dakar
Renault,19,2000,1800000.0,180000.0,Manuelle,Dakar
Toyota,RAV4,2008,2900000.0,130000.0,Manuelle,Dakar
Peugeot,307,2007,2500000.0,120000.0,Automatique,Dakar
BMW,315,2007,1500000.0,120000.0,Manuelle,Dakar
Jeep,Patriot,2010,3900000.0,140000.0,Manuelle,Dakar
Peugeot,206,2008,2300000.0,164000.0,Manuelle,Dakar
Mitsubishi,ASX,2011,6000000.0,94954.0,Manuelle,Dakar
Citroen,C3,2008,1800000.0,160000.0,Manuelle,Dakar
Mitsubishi,L200,2009,7800000.0,160000.0,Manuelle,Dakar
Peugeot,307,2007,2400000.0,160000.0,Manuelle,Dakar
Peugeot,308,2008,3300000.0,120000.0,Manuelle,Dakar
Toyota,Corolla,2008,3300000.0,140000.0,Manuelle,Dakar
BMW,X1,2010,3700000.0,150000.0,Automatique,Dakar
Peugeot,207,2008,1800000.0,120000.0,Manuelle,Dakar
Renault,21,2002,2700000.0,160000.0,Manuelle,Dakar
Peugeot,307,2007,2100000.0,132000.0,Manuelle,Dakar
Volkswagen,Passat,2007,1600000.0,120000.0,Manuelle,Dakar
Renault,Megane,2006,1600000.0,180000.0,Manuelle,Dakar
Citroen,C5,2008,2700000.0,130000.0,Manuelle,Dakar
Kia,Carnival,2008,2500000.0,160000.0,Manuelle,Dakar
Land Rover,Range Rover Sport,2009,,160000.0,Automatique,Dakar
Peugeot,307,2008,3200000.0,128000.0,Manuelle,Dakar
Citroen,C3,2011,2800000.0,136000.0,Manuelle,Dakar
Chevrolet,Sail,2013,2200000.0,90000.0,Manuelle,Dakar
Renault,Scenic,2006,2300000.0,200000.0,Manuelle,Dakar
Toyota,Corolla,2004,2700000.0,28752.0,Manuelle,Dakar
Dacia,Sandero,2009,2800000.0,140000.0,Manuelle,Dakar
Citroen,C3,2006,1500000.0,160000.0,Manuelle,Dakar
Citroen,C3,2007,2000000.0,180000.0,Manuelle,Dakar
Ford,Fusion,2009,2000000.0,144000.0,Automatique,Dakar
Renault,Laguna,2007,2000000.0,160000.0,Manuelle,Dakar
Nissan,Rogue,2009,5500000.0,160000.0,Automatique,Dakar
Ford,Edge,2011,10000000.0,105000.0,Automatique,Dakar
Citroen,C4,2007,2100000.0,160000.0,Manuelle,Dakar
Skoda,Octavia,2012,3500000.0,147000.0,Manuelle,Dakar
Citroen,Berlingo,2007,2000000.0,140000.0,Manuelle,Dakar
Citroen,Berlingo,2008,2300000.0,160000.0,Manuelle,Dakar
Peugeot,207,2010,3200000.0,144410.0,Manuelle,Dakar
Peugeot,307,2007,2300000.0,137000.0,Manuelle,Dakar
Peugeot,206,2009,2000000.0,130000.0,Manuelle,Dakar
Renault,Laguna,2004,2000000.0,160000.0,Manuelle,Dakar
Mercedes‒Benz,250,2004,1900000.0,160000.0,Manuelle,Dakar
Nissan,Qashqai+2,2013,6500000.0,101000.0,Manuelle,Dakar
Ford,Escape,2011,4300000.0,130000.0,Automatique,Dakar
Peugeot,307,2007,2100000.0,90000.0,Manuelle,Dakar
Hyundai,Elantra,2013,5800000.0,21000.0,Automatique,Dakar
Mitsubishi,Endeavor,2012,4300000.0,100000.0,Automatique,Dakar
Peugeot,508,2011,5500000.0,179000.0,Automatique,Dakar
Citroen,C3,2006,1900000.0,160000.0,Manuelle,Dakar
Renault,Scenic,2007,1950000.0,160000.0,Manuelle,Dakar
Citroen,Nemo,2009,2400000.0,160000.0,Manuelle,Dakar
Peugeot,407,2006,2300000.0,291000.0,Manuelle,Dakar
Nissan,Versa,2010,2500000.0,120000.0,Automatique,Dakar
Renault,Scenic,2005,1500000.0,180000.0,Manuelle,Dakar
Renault,Megane,2006,1800000.0,160000.0,Manuelle,Dakar
Peugeot,407,2007,2600000.0,180000.0,Manuelle,Dakar
Mercedes‒Benz,190,2000,2400000.0,160000.0,Manuelle,Dakar
Renault,Kangoo,2012,4500000.0,264127.0,Manuelle,Dakar
Hyundai,Accent,2007,1700000.0,,Manuelle,Dakar
Dacia,Logan,2008,3000000.0,160000.0,Manuelle,Dakar
Renault,Laguna,2007,1400000.0,180000.0,Manuelle,Dakar
Peugeot,3008,2011,6500000.0,,Manuelle,Dakar
Peugeot,307,2008,2200000.0,160000.0,Manuelle,Dakar
Citroen,C3,2008,2000000.0,200000.0,Manuelle,Dakar
Citroen,C4,2010,2200000.0,289983.0,Manuelle,Dakar
Opel,Astra,2009,1500000.0,160000.0,Manuelle,Dakar
Renault,17,2000,6000000.0,160000.0,Manuelle,Dakar
Mazda,2,2008,1100000.0,140000.0,Manuelle,Dakar
Peugeot,307,2007,2200000.0,160000.0,Manuelle,Dakar
Hyundai,Sonata,2006,2000000.0,140000.0,Automatique,Dakar
Peugeot,406,2006,2500000.0,160000.0,Manuelle,Dakar
Hyundai,Tucson,2010,4200000.0,79044.0,Manuelle,Dakar
Mercedes‒Benz,190,1989,1900000.0,160000.0,Manuelle,Dakar
Chrysler,Sebring,2009,2000000.0,99000.0,Automatique,Dakar
Toyota,Camry,2010,4500000.0,110000.0,Automatique,Dakar
Skoda,Octavia,2010,2600000.0,160000.0,Manuelle,Dakar
Hyundai,Sonata,2013,5200000.0,92000.0,Automatique,Dahra
Toyota,Corolla,2010,3500000.0,88997.0,Manuelle,Dakar
Peugeot,308,2009,2600000.0,120000.0,Manuelle,Dakar
Toyota,Avensis,2008,2500000.0,160000.0,Manuelle,Dakar
Toyota,Corolla,2007,4300000.0,235000.0,Manuelle,Dakar
Volkswagen,Golf,2005,2200000.0,180000.0,Manuelle,Dakar
Renault,21,2002,2200000.0,160000.0,Manuelle,Dakar
Toyota,Avensis,2006,1600000.0,186000.0,Manuelle,Dakar
Toyota,Verso,2007,2500000.0,313000.0,Manuelle,Dakar
Renault,Safrane,2007,2200000.0,160000.0,Manuelle,Dakar
Renault,Scenic,2008,2000000.0,130000.0,Manuelle,Dakar
Chery,A113,2008,1700000.0,79000.0,Manuelle,Dakar
Renault,Clio,2007,1750000.0,120000.0,Manuelle,Dakar
Renault,Megane,2009,3300000.0,233200.0,Manuelle,Dakar
Peugeot,508,2012,4700000.0,102220.0,Manuelle,Dakar
Citroen,C4,2007,2200000.0,160000.0,Manuelle,Dakar
Peugeot,308,2008,2800000.0,160000.0,Manuelle,Dakar
Toyota,Yaris,2007,2700000.0,180000.0,Manuelle,Dakar
Nissan,Juke,2011,5500000.0,157000.0,Manuelle,Dakar
Ford,Focus,2007,2700000.0,100000.0,Automatique,Dakar
Toyota,Corolla,2010,3200000.0,90000.0,Manuelle,Dakar
Mercedes‒Benz,190,2007,2900000.0,160000.0,Automatique,Dakar
Nissan,Rogue,2010,8500000.0,84500.0,Automatique,Dakar
Hyundai,Santa Fe,2005,3500000.0,300000.0,Manuelle,Dakar
Ford,Focus,2015,5800000.0,29000.0,Automatique,Dakar
Peugeot,807,2010,4800000.0,160000.0,Manuelle,Dakar
Peugeot,407,2007,2000000.0,110000.0,Manuelle,Dakar
Peugeot,205,2000,1500000.0,160000.0,Manuelle,Dakar
Toyota,RAV4,2007,4000000.0,145000.0,Manuelle,Dakar
Peugeot,307,2008,2000000.0,120000.0,Manuelle,Dakar
Renault,Scenic,2006,2200000.0,140000.0,Manuelle,Dakar
Nissan,Teana,2011,8000000.0,90000.0,Manuelle,Dakar
Dacia,Sandero,2010,2200000.0,160000.0,Manuelle,Dakar
Lada,Niva,2008,1500000.0,160000.0,Manuelle,Dakar
Dacia,Logan,2009,2800000.0,500000.0,Manuelle,Dakar
Peugeot,406,2003,2400000.0,160000.0,Manuelle,Dakar
Jeep,Patriot,2015,9500000.0,51200.0,Automatique,Dakar
Renault,Scenic,2008,2200000.0,16000.0,Manuelle,Dakar
Ford,Escape,2011,5800000.0,0.0,Automatique,Dakar
Toyota,RAV4,2007,5200000.0,120000.0,Manuelle,Dakar
Hyundai,Tucson,2006,4000000.0,298000.0,Manuelle,Dakar
Citroen,C3,2007,2400000.0,180000.0,Manuelle,Dakar
Peugeot,205,2000,1400000.0,160000.0,Manuelle,Dakar
Peugeot,307,2005,2100000.0,160000.0,Manuelle,Dakar
Jeep,Wrangler,2013,20000000.0,100000.0,Automatique,Dakar
Peugeot,406,2004,2700000.0,120000.0,Manuelle,Dakar
Renault,19,1989,1500000.0,140000.0,Manuelle,Dakar
Toyota,RAV4,2010,9600000.0,180000.0,Automatique,Dakar
Peugeot,308,2008,2700000.0,160000.0,Manuelle,Dakar
Peugeot,405,2005,1900000.0,120000.0,Manuelle,Dakar
Peugeot,308,2010,2900000.0,120000.0,Manuelle,Dakar
Nissan,200SX,2006,1600000.0,180000.0,Manuelle,Dakar
Mitsubishi,L200,2011,6000000.0,120000.0,Manuelle,Dakar
Citroen,Berlingo,2006,2400000.0,180000.0,Manuelle,Dakar
Peugeot,305,2004,1600000.0,128000.0,Manuelle,Dakar
Renault,Megane,2007,2700000.0,180000.0,Manuelle,Dakar
Ford,Focus ST,2012,3300000.0,140000.0,Automatique,Dakar
Ford,Escape,2014,8200000.0,105000.0,Manuelle,Dakar
Citroen,Xsara,2006,1800000.0,160000.0,Manuelle,Dakar
Peugeot,308,2012,3900000.0,160000.0,Manuelle,Dakar
Citroen,C4,2008,2100000.0,90925.0,Manuelle,Dakar
Renault,Megane,2008,1850000.0,120000.0,Manuelle,Dakar
Dacia,Logan,2008,2600000.0,137000.0,Manuelle,Dakar
Peugeot,307,2007,2100000.0,175598.0,Manuelle,Dakar
Toyota,RAV4,2006,3500000.0,140000.0,Manuelle,Dakar
Fiat,Stilo,2007,2700000.0,160000.0,Manuelle,Dakar
Audi,S3,2007,2000000.0,120000.0,Manuelle,Dakar
