web_scraper_order,web_scraper_start_url,container_links_gaaraas2,marque,modèle,année,prix,kilométrage,type_boite_vitesse,région
"1786625214-1","https://www.gaaraas.com/fr/users/dakar-auto?page=13","https://www.gaaraas.com/fr/vehicle_listings/annonce-audi-s3-dakar-dakar-4137","Audi S3","Audi S3","2007","2 000 000","120 000 km","Manuelle","Dakar"
"1786625216-2","https://www.gaaraas.com/fr/users/dakar-auto?page=13","https://www.gaaraas.com/fr/vehicle_listings/annonce-fiat-stilo-dakar-dakar-2508","Fiat Stilo","Fiat Stilo","2007","2 700 000","160 000 km","Manuelle","Dakar"
"1786625219-3","https://www.gaaraas.com/fr/users/dakar-auto?page=13","https://www.gaaraas.com/fr/vehicle_listings/annonce-toyota-rav4-dakar-dakar-2896","Toyota RAV4","Toyota RAV4","2006","3 500 000","140 000 km","Manuelle","Dakar"
"1786625222-4","https://www.gaaraas.com/fr/users/dakar-auto?page=13","https://www.gaaraas.com/fr/vehicle_listings/annonce-peugeot-307-dakar-dakar-1748","Peugeot 307","Peugeot 307","2007","2 100 000","175 598 km","Manuelle","Dakar"
"1786625225-5","https://www.gaaraas.com/fr/users/dakar-auto?page=13","https://www.gaaraas.com/fr/vehicle_listings/annonce-dacia-logan-dakar-dakar-878","Dacia Logan","Dacia Logan","2008","2 600 000","137 000 km","Manuelle","Dakar"
"1786625232-6","https://www.gaaraas.com/fr/users/dakar-auto?page=12","https://www.gaaraas.com/fr/vehicle_listings/annonce-renault-megane-dakar-dakar-4348","Renault Megane","Renault Megane","2008","1 850 000","120 000 km","Manuelle","Dakar"
"1786625234-7","https://www.gaaraas.com/fr/users/dakar-auto?page=12","https://www.gaaraas.com/fr/vehicle_listings/annonce-citroen-c4-dakar-dakar-2611","Citroen C4","Citroen C4","2008","2 100 000","90 925 km","Manuelle","Dakar"
"1786625237-8","https://www.gaaraas.com/fr/users/dakar-auto?page=12","https://www.gaaraas.com/fr/vehicle_listings/annonce-peugeot-308-dakar-dakar-2758","Peugeot 308","Peugeot 308","2012","3 900 000","160 000 km","Manuelle","Dakar"
"1786625240-9","https://www.gaaraas.com/fr/users/dakar-auto?page=12","https://www.gaaraas.com/fr/vehicle_listings/annonce-citroen-xsara-dakar-dakar-3025","Citroen Xsara","Citroen Xsara","2006","1 800 000","160 000 km","Manuelle","Dakar"
"1786625243-10","https://www.gaaraas.com/fr/users/dakar-auto?page=12","https://www.gaaraas.com/fr/vehicle_listings/annonce-ford-escape-dakar-dakar-871","Ford Escape","Ford Escape","2014","8 200 000","105 000 km","Manuelle","Dakar"
"1786625246-11","https://www.gaaraas.com/fr/users/dakar-auto?page=12","https://www.gaaraas.com/fr/vehicle_listings/annonce-ford-focus-st-dakar-dakar-2887","Ford Focus ST","Ford Focus ST","2012","3 300 000","140 000 km","Automatique","Dakar"
"1786625248-12","https://www.gaaraas.com/fr/users/dakar-auto?page=12","https://www.gaaraas.com/fr/vehicle_listings/annonce-renault-megane-dakar-dakar-1665","Renault Megane","Renault Megane","2007","2 700 000","180 000 km","Manuelle","Dakar"
"1786625251-13","https://www.gaaraas.com/fr/users/dakar-auto?page=12","https://www.gaaraas.com/fr/vehicle_listings/annonce-peugeot-305-dakar-dakar-578","Peugeot 305","Peugeot 305","2004","1 600 000","128 000 km","Manuelle","Dakar"
"1786625254-14","https://www.gaaraas.com/fr/users/dakar-auto?page=12","https://www.gaaraas.com/fr/vehicle_listings/annonce-citroen-berlingo-dakar-dakar-1327","Citroen Berlingo","Citroen Berlingo","2006","2 400 000","180 000 km","Manuelle","Dakar"
"1786625256-15","https://www.gaaraas.com/fr/users/dakar-auto?page=12","https://www.gaaraas.com/fr/vehicle_listings/annonce-mitsubishi-l200-dakar-dakar-4388","Mitsubishi L200","Mitsubishi L200","2011","6 000 000","120 000 km","Manuelle","Dakar"
"1786625259-16","https://www.gaaraas.com/fr/users/dakar-auto?page=12","https://www.gaaraas.com/fr/vehicle_listings/annonce-nissan-200sx-dakar-dakar-746","Nissan 200SX","Nissan 200SX","2006","1 600 000","180 000 km","Manuelle","Dakar"
"1786625262-17","https://www.gaaraas.com/fr/users/dakar-auto?page=12","https://www.gaaraas.com/fr/vehicle_listings/annonce-peugeot-308-dakar-dakar-3635","Peugeot 308","Peugeot 308","2010","2 900 000","120 000 km","Manuelle","Dakar"
"1786625265-18","https://www.gaaraas.com/fr/users/dakar-auto?page=12","https://www.gaaraas.com/fr/vehicle_listings/annonce-peugeot-405-dakar-dakar-4173","Peugeot 405","Peugeot 405","2005","1 900 000","120 000 km","Manuelle","Dakar"
"1786625268-19","https://www.gaaraas.com/fr/users/dakar-auto?page=12","https://www.gaaraas.com/fr/vehicle_listings/annonce-peugeot-308-dakar-dakar-681","Peugeot 308","Peugeot 308","2008","2 700 000","160 000 km","Manuelle","Dakar"
"1786625271-20","https://www.gaaraas.com/fr/users/dakar-auto?page=12","https://www.gaaraas.com/fr/vehicle_listings/annonce-toyota-rav4-dakar-dakar-191","Toyota RAV4","Toyota RAV4","2010","9 600 000","180 000 km","Automatique","Dakar"
"1786625275-21","https://www.gaaraas.com/fr/users/dakar-auto?page=12","https://www.gaaraas.com/fr/vehicle_listings/annonce-renault-19-dakar-dakar-3449","Renault 19","Renault 19","1989","1 500 000","140 000 km","Manuelle","Dakar"
"1786625278-22","https://www.gaaraas.com/fr/users/dakar-auto?page=12","https://www.gaaraas.com/fr/vehicle_listings/annonce-peugeot-406-dakar-dakar-1119","Peugeot 406","Peugeot 406","2004","2 700 000","120 000 km","Manuelle","Dakar"
"1786625281-23","https://www.gaaraas.com/fr/users/dakar-auto?page=12","https://www.gaaraas.com/fr/vehicle_listings/annonce-jeep-wrangler-dakar-dakar-2454","Jeep Wrangler","Jeep Wrangler","2013","20 000 000","100 000 km","Automatique","Dakar"
"1786625283-24","https://www.gaaraas.com/fr/users/dakar-auto?page=12","https://www.gaaraas.com/fr/vehicle_listings/annonce-peugeot-307-dakar-dakar-2915","Peugeot 307","Peugeot 307","2005","2 100 000","160 000 km","Manuelle","Dakar"
"1786625286-25","https://www.gaaraas.com/fr/users/dakar-auto?page=12","https://www.gaaraas.com/fr/vehicle_listings/annonce-peugeot-205-dakar-dakar-1934","Peugeot 205","Peugeot 205","2000","1 400 000","160 000 km","Manuelle","Dakar"
"1786625294-26","https://www.gaaraas.com/fr/users/dakar-auto?page=11","https://www.gaaraas.com/fr/vehicle_listings/annonce-citroen-c3-dakar-dakar-1666","Citroen C3","Citroen C3","2007","2 400 000","180 000 km","Manuelle","Dakar"
"1786625297-27","https://www.gaaraas.com/fr/users/dakar-auto?page=11","https://www.gaaraas.com/fr/vehicle_listings/annonce-hyundai-tucson-dakar-dakar-874","Hyundai Tucson","Hyundai Tucson","2006","4 000 000","298 000 km","Manuelle","Dakar"
"1786625300-28","https://www.gaaraas.com/fr/users/dakar-auto?page=11","https://www.gaaraas.com/fr/vehicle_listings/annonce-toyota-rav4-dakar-dakar-560","Toyota RAV4","Toyota RAV4","2007","5 200 000","120 000 km","Manuelle","Dakar"
"1786625303-29","https://www.gaaraas.com/fr/users/dakar-auto?page=11","https://www.gaaraas.com/fr/vehicle_listings/annonce-ford-escape-dakar-dakar-3183","Ford Escape","Ford Escape","2011","5 800 000","0 km","Automatique","Dakar"
"1786625306-30","https://www.gaaraas.com/fr/users/dakar-auto?page=11","https://www.gaaraas.com/fr/vehicle_listings/annonce-renault-scenic-dakar-dakar-1191","Renault Scenic","Renault Scenic","2008","2 200 000","16 000 km","Manuelle","Dakar"
"1786625309-31","https://www.gaaraas.com/fr/users/dakar-auto?page=11","https://www.gaaraas.com/fr/vehicle_listings/annonce-jeep-patriot-dakar-dakar-2023","Jeep Patriot","Jeep Patriot","2015","9 500 000","51 200 km","Automatique","Dakar"
"1786625311-32","https://www.gaaraas.com/fr/users/dakar-auto?page=11","https://www.gaaraas.com/fr/vehicle_listings/annonce-peugeot-406-dakar-dakar-2290","Peugeot 406","Peugeot 406","2003","2 400 000","160 000 km","Manuelle","Dakar"
"1786625314-33","https://www.gaaraas.com/fr/users/dakar-auto?page=11","https://www.gaaraas.com/fr/vehicle_listings/annonce-dacia-logan-dakar-dakar-2116","Dacia Logan","Dacia Logan","2009","2 800 000","500 000 km","Manuelle","Dakar"
"1786625317-34","https://www.gaaraas.com/fr/users/dakar-auto?page=11","https://www.gaaraas.com/fr/vehicle_listings/annonce-lada-niva-dakar-dakar-1919","Lada Niva","Lada Niva","2008","1 500 000","160 000 km","Manuelle","Dakar"
"1786625320-35","https://www.gaaraas.com/fr/users/dakar-auto?page=11","https://www.gaaraas.com/fr/vehicle_listings/annonce-dacia-sandero-dakar-dakar-2117","Dacia Sandero","Dacia Sandero","2010","2 200 000","160 000 km","Manuelle","Dakar"
"1786625322-36","https://www.gaaraas.com/fr/users/dakar-auto?page=11","https://www.gaaraas.com/fr/vehicle_listings/annonce-nissan-teana-dakar-dakar-422","Nissan Teana","Nissan Teana","2011","8 000 000","90 000 km","Manuelle","Dakar"
"1786625327-37","https://www.gaaraas.com/fr/users/dakar-auto?page=11","https://www.gaaraas.com/fr/vehicle_listings/annonce-renault-scenic-dakar-dakar-3478","Renault Scenic","Renault Scenic","2006","2 200 000","140 000 km","Manuelle","Dakar"
"1786625332-38","https://www.gaaraas.com/fr/users/dakar-auto?page=11","https://www.gaaraas.com/fr/vehicle_listings/annonce-peugeot-307-dakar-dakar-4161","Peugeot 307","Peugeot 307","2008","2 000 000","120 000 km","Manuelle","Dakar"
"1786625335-39","https://www.gaaraas.com/fr/users/dakar-auto?page=11","https://www.gaaraas.com/fr/vehicle_listings/annonce-toyota-rav4-dakar-dakar-4389","Toyota RAV4","Toyota RAV4","2007","4 000 000","145 000 km","Manuelle","Dakar"
"1786625339-40","https://www.gaaraas.com/fr/users/dakar-auto?page=11","https://www.gaaraas.com/fr/vehicle_listings/annonce-peugeot-205-dakar-dakar-2262","Peugeot 205","Peugeot 205","2000","1 500 000","160 000 km","Manuelle","Dakar"
"1786625342-41","https://www.gaaraas.com/fr/users/dakar-auto?page=11","https://www.gaaraas.com/fr/vehicle_listings/annonce-peugeot-407-dakar-dakar-4171","Peugeot 407","Peugeot 407","2007","2 000 000","110 000 km","Manuelle","Dakar"
"1786625345-42","https://www.gaaraas.com/fr/users/dakar-auto?page=11","https://www.gaaraas.com/fr/vehicle_listings/annonce-peugeot-807-dakar-dakar-1587","Peugeot 807","Peugeot 807","2010","4 800 000","160 000 km","Manuelle","Dakar"
"1786625348-43","https://www.gaaraas.com/fr/users/dakar-auto?page=11","https://www.gaaraas.com/fr/vehicle_listings/annonce-ford-focus-dakar-dakar-3739","Ford Focus","Ford Focus","2015","5 800 000","29 000 km","Automatique","Dakar"
"1786625351-44","https://www.gaaraas.com/fr/users/dakar-auto?page=11","https://www.gaaraas.com/fr/vehicle_listings/annonce-hyundai-santa-fe-dakar-dakar-2646","Hyundai Santa Fe","Hyundai Santa Fe","2005","3 500 000","300 000 km","Manuelle","Dakar"
"1786625355-45","https://www.gaaraas.com/fr/users/dakar-auto?page=11","https://www.gaaraas.com/fr/vehicle_listings/annonce-nissan-rogue-dakar-dakar-790","Nissan Rogue","Nissan Rogue","2010","8 500 000","84 500 km","Automatique","Dakar"
"1786625361-46","https://www.gaaraas.com/fr/users/dakar-auto?page=10","https://www.gaaraas.com/fr/vehicle_listings/annonce-mercedes-benz-190-dakar-dakar-3060","Mercedes‒Benz 190","Mercedes‒Benz 190","2007","2 900 000","160 000 km","Automatique","Dakar"
"1786625364-47","https://www.gaaraas.com/fr/users/dakar-auto?page=10","https://www.gaaraas.com/fr/vehicle_listings/annonce-toyota-corolla-dakar-dakar-464","Toyota Corolla","Toyota Corolla","2010","3 200 000","90 000 km","Manuelle","Dakar"
"1786625367-48","https://www.gaaraas.com/fr/users/dakar-auto?page=10","https://www.gaaraas.com/fr/vehicle_listings/annonce-ford-focus-dakar-dakar-4417","Ford Focus","Ford Focus","2007","2 700 000","100 000 km","Automatique","Dakar"
"1786625370-49","https://www.gaaraas.com/fr/users/dakar-auto?page=10","https://www.gaaraas.com/fr/vehicle_listings/annonce-nissan-juke-dakar-dakar-760","Nissan Juke","Nissan Juke","2011","5 500 000","157 000 km","Manuelle","Dakar"
"1786625374-50","https://www.gaaraas.com/fr/users/dakar-auto?page=10","https://www.gaaraas.com/fr/vehicle_listings/annonce-toyota-yaris-dakar-dakar-1662","Toyota Yaris","Toyota Yaris","2007","2 700 000","180 000 km","Manuelle","Dakar"
"1786625377-51","https://www.gaaraas.com/fr/users/dakar-auto?page=10","https://www.gaaraas.com/fr/vehicle_listings/annonce-peugeot-308-dakar-dakar-2701","Peugeot 308","Peugeot 308","2008","2 800 000","160 000 km","Manuelle","Dakar"
"1786625380-52","https://www.gaaraas.com/fr/users/dakar-auto?page=10","https://www.gaaraas.com/fr/vehicle_listings/annonce-citroen-c4-dakar-dakar-2082","Citroen C4","Citroen C4","2007","2 200 000","160 000 km","Manuelle","Dakar"
"1786625384-53","https://www.gaaraas.com/fr/users/dakar-auto?page=10","https://www.gaaraas.com/fr/vehicle_listings/annonce-peugeot-508-dakar-dakar-1535","Peugeot 508","Peugeot 508","2012","4 700 000","102 220 km","Manuelle","Dakar"
"1786625387-54","https://www.gaaraas.com/fr/users/dakar-auto?page=10","https://www.gaaraas.com/fr/vehicle_listings/annonce-renault-megane-dakar-dakar-1237","Renault Megane","Renault Megane","2009","3 300 000","233 200 km","Manuelle","Dakar"
"1786625391-55","https://www.gaaraas.com/fr/users/dakar-auto?page=10","https://www.gaaraas.com/fr/vehicle_listings/annonce-renault-clio-dakar-dakar-4178","Renault Clio","Renault Clio","2007","1 750 000","120 000 km","Manuelle","Dakar"
"1786625394-56","https://www.gaaraas.com/fr/users/dakar-auto?page=10","https://www.gaaraas.com/fr/vehicle_listings/annonce-chery-a113-dakar-dakar-510","Chery A113","Chery A113","2008","1 700 000","79 000 km","Manuelle","Dakar"
"1786625397-57","https://www.gaaraas.com/fr/users/dakar-auto?page=10","https://www.gaaraas.com/fr/vehicle_listings/annonce-renault-scenic-dakar-dakar-4195","Renault Scenic","Renault Scenic","2008","2 000 000","130 000 km","Manuelle","Dakar"
"1786625401-58","https://www.gaaraas.com/fr/users/dakar-auto?page=10","https://www.gaaraas.com/fr/vehicle_listings/annonce-renault-safrane-dakar-dakar-2118","Renault Safrane","Renault Safrane","2007","2 200 000","160 000 km","Manuelle","Dakar"
"1786625405-59","https://www.gaaraas.com/fr/users/dakar-auto?page=10","https://www.gaaraas.com/fr/vehicle_listings/annonce-toyota-verso-dakar-dakar-3569","Toyota Verso","Toyota Verso","2007","2 500 000","313 000 km","Manuelle","Dakar"
"1786625408-60","https://www.gaaraas.com/fr/users/dakar-auto?page=10","https://www.gaaraas.com/fr/vehicle_listings/annonce-toyota-avensis-dakar-dakar-2882","Toyota Avensis","Toyota Avensis","2006","1 600 000","186 000 km","Manuelle","Dakar"
"1786625413-61","https://www.gaaraas.com/fr/users/dakar-auto?page=10","https://www.gaaraas.com/fr/vehicle_listings/annonce-renault-21-dakar-dakar-2800","Renault 21","Renault 21","2002","2 200 000","160 000 km","Manuelle","Dakar"
"1786625416-62","https://www.gaaraas.com/fr/users/dakar-auto?page=10","https://www.gaaraas.com/fr/vehicle_listings/annonce-volkswagen-golf-dakar-dakar-1792","Volkswagen Golf","Volkswagen Golf","2005","2 200 000","180 000 km","Manuelle","Dakar"
"1786625420-63","https://www.gaaraas.com/fr/users/dakar-auto?page=10","https://www.gaaraas.com/fr/vehicle_listings/annonce-toyota-corolla-dakar-dakar-2445","Toyota Corolla","Toyota Corolla","2007","4 300 000","235 000 km","Manuelle","Dakar"
"1786625424-64","https://www.gaaraas.com/fr/users/dakar-auto?page=10","https://www.gaaraas.com/fr/vehicle_listings/annonce-toyota-avensis-dakar-dakar-1664","Toyota Avensis","Toyota Avensis","2008","2 500 000","160 000 km","Manuelle","Dakar"
"1786625427-65","https://www.gaaraas.com/fr/users/dakar-auto?page=10","https://www.gaaraas.com/fr/vehicle_listings/annonce-peugeot-308-dakar-dakar-4138","Peugeot 308","Peugeot 308","2009","2 600 000","120 000 km","Manuelle","Dakar"
"1786625436-66","https://www.gaaraas.com/fr/users/dakar-auto?page=9","https://www.gaaraas.com/fr/vehicle_listings/annonce-toyota-corolla-dakar-dakar-887","Toyota Corolla","Toyota Corolla","2010","3 500 000","88 997 km","Manuelle","Dakar"
"1786625441-67","https://www.gaaraas.com/fr/users/dakar-auto?page=9","https://www.gaaraas.com/fr/vehicle_listings/annonce-hyundai-sonata-louga-dahra-4357","Hyundai Sonata","Hyundai Sonata","2013","5 200 000","92 000 km","Automatique","Dahra"
"1786625445-68","https://www.gaaraas.com/fr/users/dakar-auto?page=9","https://www.gaaraas.com/fr/vehicle_listings/annonce-skoda-octavia-dakar-dakar-1667","Skoda Octavia","Skoda Octavia","2010","2 600 000","160 000 km","Manuelle","Dakar"
"1786625448-69","https://www.gaaraas.com/fr/users/dakar-auto?page=9","https://www.gaaraas.com/fr/vehicle_listings/annonce-toyota-camry-dakar-dakar-1105","Toyota Camry","Toyota Camry","2010","4 500 000","110 000 km","Automatique","Dakar"
"1786625452-70","https://www.gaaraas.com/fr/users/dakar-auto?page=9","https://www.gaaraas.com/fr/vehicle_listings/annonce-chrysler-sebring-dakar-dakar-4135","Chrysler Sebring","Chrysler Sebring","2009","2 000 000","99 000 km","Automatique","Dakar"
"1786625455-71","https://www.gaaraas.com/fr/users/dakar-auto?page=9","https://www.gaaraas.com/fr/vehicle_listings/annonce-mercedes-benz-190-dakar-dakar-2109","Mercedes‒Benz 190","Mercedes‒Benz 190","1989","1 900 000","160 000 km","Manuelle","Dakar"
"1786625460-72","https://www.gaaraas.com/fr/users/dakar-auto?page=9","https://www.gaaraas.com/fr/vehicle_listings/annonce-hyundai-tucson-dakar-dakar-548","Hyundai Tucson","Hyundai Tucson","2010","4 200 000","79 044 km","Manuelle","Dakar"
"1786625464-73","https://www.gaaraas.com/fr/users/dakar-auto?page=9","https://www.gaaraas.com/fr/vehicle_listings/annonce-peugeot-406-dakar-dakar-1707","Peugeot 406","Peugeot 406","2006","2 500 000","160 000 km","Manuelle","Dakar"
"1786625467-74","https://www.gaaraas.com/fr/users/dakar-auto?page=9","https://www.gaaraas.com/fr/vehicle_listings/annonce-hyundai-sonata-dakar-dakar-3570","Hyundai Sonata","Hyundai Sonata","2006","2 000 000","140 000 km","Automatique","Dakar"
"1786625470-75","https://www.gaaraas.com/fr/users/dakar-auto?page=9","https://www.gaaraas.com/fr/vehicle_listings/annonce-peugeot-307-dakar-dakar-1931","Peugeot 307","Peugeot 307","2007","2 200 000","160 000 km","Manuelle","Dakar"
"1786625473-76","https://www.gaaraas.com/fr/users/dakar-auto?page=9","https://www.gaaraas.com/fr/vehicle_listings/annonce-mazda-2-dakar-dakar-2780","Mazda 2","Mazda 2","2008","1 100 000","140 000 km","Manuelle","Dakar"
"1786625476-77","https://www.gaaraas.com/fr/users/dakar-auto?page=9","https://www.gaaraas.com/fr/vehicle_listings/annonce-renault-17-dakar-dakar-2505","Renault 17","Renault 17","2000","6 000 000","160 000 km","Manuelle","Dakar"
"1786625481-78","https://www.gaaraas.com/fr/users/dakar-auto?page=9","https://www.gaaraas.com/fr/vehicle_listings/annonce-opel-astra-dakar-dakar-2069","Opel Astra","Opel Astra","2009","1 500 000","160 000 km","Manuelle","Dakar"
"1786625485-79","https://www.gaaraas.com/fr/users/dakar-auto?page=9","https://www.gaaraas.com/fr/vehicle_listings/annonce-citroen-c4-dakar-dakar-2303","Citroen C4","Citroen C4","2010","2 200 000","289 983 km","Manuelle","Dakar"
"1786625489-80","https://www.gaaraas.com/fr/users/dakar-auto?page=9","https://www.gaaraas.com/fr/vehicle_listings/annonce-citroen-c3-dakar-dakar-1893","Citroen C3","Citroen C3","2008","2 000 000","200 000 km","Manuelle","Dakar"
"1786625493-81","https://www.gaaraas.com/fr/users/dakar-auto?page=9","https://www.gaaraas.com/fr/vehicle_listings/annonce-peugeot-307-dakar-dakar-1148","Peugeot 307","Peugeot 307","2008","2 200 000","160 000 km","Manuelle","Dakar"
"1786625497-82","https://www.gaaraas.com/fr/users/dakar-auto?page=9","https://www.gaaraas.com/fr/vehicle_listings/annonce-peugeot-3008-dakar-dakar-1121","Peugeot 3008","Peugeot 3008","Bleu","6 500 000","2011","Manuelle","Dakar"
"1786625501-83","https://www.gaaraas.com/fr/users/dakar-auto?page=9","https://www.gaaraas.com/fr/vehicle_listings/annonce-renault-laguna-dakar-dakar-1325","Renault Laguna","Renault Laguna","2007","1 400 000","180 000 km","Manuelle","Dakar"
"1786625505-84","https://www.gaaraas.com/fr/users/dakar-auto?page=9","https://www.gaaraas.com/fr/vehicle_listings/annonce-dacia-logan-dakar-dakar-1602","Dacia Logan","Dacia Logan","2008","3 000 000","160 000 km","Manuelle","Dakar"
"1786625509-85","https://www.gaaraas.com/fr/users/dakar-auto?page=9","https://www.gaaraas.com/fr/vehicle_listings/annonce-hyundai-accent-dakar-dakar-890","Hyundai Accent","Hyundai Accent","Bleu","1 700 000","2007","Manuelle","Dakar"
"1786625518-86","https://www.gaaraas.com/fr/users/dakar-auto?page=8","https://www.gaaraas.com/fr/vehicle_listings/annonce-renault-kangoo-dakar-dakar-1871","Renault Kangoo","Renault Kangoo","2012","4 500 000","264 127 km","Manuelle","Dakar"
"1786625523-87","https://www.gaaraas.com/fr/users/dakar-auto?page=8","https://www.gaaraas.com/fr/vehicle_listings/annonce-mercedes-benz-190-dakar-dakar-2436","Mercedes‒Benz 190","Mercedes‒Benz 190","2000","2 400 000","160 000 km","Manuelle","Dakar"
"1786625527-88","https://www.gaaraas.com/fr/users/dakar-auto?page=8","https://www.gaaraas.com/fr/vehicle_listings/annonce-peugeot-407-dakar-dakar-1580","Peugeot 407","Peugeot 407","2007","2 600 000","180 000 km","Manuelle","Dakar"
"1786625531-89","https://www.gaaraas.com/fr/users/dakar-auto?page=8","https://www.gaaraas.com/fr/vehicle_listings/annonce-renault-megane-dakar-dakar-2201","Renault Megane","Renault Megane","2006","1 800 000","160 000 km","Manuelle","Dakar"
"1786625535-90","https://www.gaaraas.com/fr/users/dakar-auto?page=8","https://www.gaaraas.com/fr/vehicle_listings/annonce-renault-scenic-dakar-dakar-1795","Renault Scenic","Renault Scenic","2005","1 500 000","180 000 km","Manuelle","Dakar"
"1786625540-91","https://www.gaaraas.com/fr/users/dakar-auto?page=8","https://www.gaaraas.com/fr/vehicle_listings/annonce-nissan-versa-dakar-dakar-2119","Nissan Versa","Nissan Versa","2010","2 500 000","120 000 km","Automatique","Dakar"
"1786625544-92","https://www.gaaraas.com/fr/users/dakar-auto?page=8","https://www.gaaraas.com/fr/vehicle_listings/annonce-peugeot-407-dakar-dakar-2304","Peugeot 407","Peugeot 407","2006","2 300 000","291 000 km","Manuelle","Dakar"
"1786625548-93","https://www.gaaraas.com/fr/users/dakar-auto?page=8","https://www.gaaraas.com/fr/vehicle_listings/annonce-citroen-nemo-dakar-dakar-1980","Citroen Nemo","Citroen Nemo","2009","2 400 000","160 000 km","Manuelle","Dakar"
"1786625553-94","https://www.gaaraas.com/fr/users/dakar-auto?page=8","https://www.gaaraas.com/fr/vehicle_listings/annonce-renault-scenic-dakar-dakar-2518","Renault Scenic","Renault Scenic","2007","1 950 000","160 000 km","Manuelle","Dakar"
"1786625558-95","https://www.gaaraas.com/fr/users/dakar-auto?page=8","https://www.gaaraas.com/fr/vehicle_listings/annonce-citroen-c3-dakar-dakar-2218","Citroen C3","Citroen C3","2006","1 900 000","160 000 km","Manuelle","Dakar"
"1786625563-96","https://www.gaaraas.com/fr/users/dakar-auto?page=8","https://www.gaaraas.com/fr/vehicle_listings/annonce-peugeot-508-dakar-dakar-2155","Peugeot 508","Peugeot 508","2011","5 500 000","179 000 km","Automatique","Dakar"
"1786625567-97","https://www.gaaraas.com/fr/users/dakar-auto?page=8","https://www.gaaraas.com/fr/vehicle_listings/annonce-mitsubishi-endeavor-dakar-dakar-2497","Mitsubishi Endeavor","Mitsubishi Endeavor","2012","4 300 000","100 000 km","Automatique","Dakar"
"1786625573-98","https://www.gaaraas.com/fr/users/dakar-auto?page=8","https://www.gaaraas.com/fr/vehicle_listings/annonce-hyundai-elantra-dakar-dakar-2468","Hyundai Elantra","Hyundai Elantra","2013","5 800 000","21 000 km","Automatique","Dakar"
"1786625577-99","https://www.gaaraas.com/fr/users/dakar-auto?page=8","https://www.gaaraas.com/fr/vehicle_listings/annonce-peugeot-307-dakar-dakar-413","Peugeot 307","Peugeot 307","2007","2 100 000","90 000 km","Manuelle","Dakar"
"1786625581-100","https://www.gaaraas.com/fr/users/dakar-auto?page=8","https://www.gaaraas.com/fr/vehicle_listings/annonce-ford-escape-dakar-dakar-4196","Ford Escape","Ford Escape","2011","4 300 000","130 000 km","Automatique","Dakar"
"1786625586-101","https://www.gaaraas.com/fr/users/dakar-auto?page=8","https://www.gaaraas.com/fr/vehicle_listings/annonce-nissan-qashqai-2-dakar-dakar-2761","Nissan Qashqai+2","Nissan Qashqai+2","2013","6 500 000","101 000 km","Manuelle","Dakar"
"1786625593-102","https://www.gaaraas.com/fr/users/dakar-auto?page=8","https://www.gaaraas.com/fr/vehicle_listings/annonce-mercedes-benz-250-dakar-dakar-2640","Mercedes‒Benz 250","Mercedes‒Benz 250","2004","1 900 000","160 000 km","Manuelle","Dakar"
"1786625597-103","https://www.gaaraas.com/fr/users/dakar-auto?page=8","https://www.gaaraas.com/fr/vehicle_listings/annonce-renault-laguna-dakar-dakar-813","Renault Laguna","Renault Laguna","2004","2 000 000","160 000 km","Manuelle","Dakar"
"1786625602-104","https://www.gaaraas.com/fr/users/dakar-auto?page=8","https://www.gaaraas.com/fr/vehicle_listings/annonce-peugeot-206-dakar-dakar-3566","Peugeot 206","Peugeot 206","2009","2 000 000","130 000 km","Manuelle","Dakar"
"1786625607-105","https://www.gaaraas.com/fr/users/dakar-auto?page=8","https://www.gaaraas.com/fr/vehicle_listings/annonce-peugeot-307-dakar-dakar-838","Peugeot 307","Peugeot 307","2007","2 300 000","137 000 km","Manuelle","Dakar"
"1786625619-106","https://www.gaaraas.com/fr/users/dakar-auto?page=7","https://www.gaaraas.com/fr/vehicle_listings/annonce-peugeot-207-dakar-dakar-851","Peugeot 207","Peugeot 207","2010","3 200 000","144 410 km","Manuelle","Dakar"
"1786625624-107","https://www.gaaraas.com/fr/users/dakar-auto?page=7","https://www.gaaraas.com/fr/vehicle_listings/annonce-citroen-berlingo-dakar-dakar-2295","Citroen Berlingo","Citroen Berlingo","2008","2 300 000","160 000 km","Manuelle","Dakar"
"1786625630-108","https://www.gaaraas.com/fr/users/dakar-auto?page=7","https://www.gaaraas.com/fr/vehicle_listings/annonce-citroen-berlingo-dakar-dakar-4134","Citroen Berlingo","Citroen Berlingo","2007","2 000 000","140 000 km","Manuelle","Dakar"
"1786625636-109","https://www.gaaraas.com/fr/users/dakar-auto?page=7","https://www.gaaraas.com/fr/vehicle_listings/annonce-skoda-octavia-dakar-dakar-2298","Skoda Octavia","Skoda Octavia","2012","3 500 000","147 000 km","Manuelle","Dakar"
"1786625643-110","https://www.gaaraas.com/fr/users/dakar-auto?page=7","https://www.gaaraas.com/fr/vehicle_listings/annonce-citroen-c4-dakar-dakar-2040","Citroen C4","Citroen C4","2007","2 100 000","160 000 km","Manuelle","Dakar"
"1786625652-111","https://www.gaaraas.com/fr/users/dakar-auto?page=7","https://www.gaaraas.com/fr/vehicle_listings/annonce-ford-edge-dakar-dakar-3222","Ford Edge","Ford Edge","2011","10 000 000","105 000 km","Automatique","Dakar"
"1786625658-112","https://www.gaaraas.com/fr/users/dakar-auto?page=7","https://www.gaaraas.com/fr/vehicle_listings/annonce-nissan-rogue-dakar-dakar-2440","Nissan Rogue","Nissan Rogue","2009","5 500 000","160 000 km","Automatique","Dakar"
"1786625664-113","https://www.gaaraas.com/fr/users/dakar-auto?page=7","https://www.gaaraas.com/fr/vehicle_listings/annonce-renault-laguna-dakar-dakar-1704","Renault Laguna","Renault Laguna","2007","2 000 000","160 000 km","Manuelle","Dakar"
"1786625670-114","https://www.gaaraas.com/fr/users/dakar-auto?page=7","https://www.gaaraas.com/fr/vehicle_listings/annonce-ford-fusion-dakar-dakar-4194","Ford Fusion","Ford Fusion","2009","2 000 000","144 000 km","Automatique","Dakar"
"1786625676-115","https://www.gaaraas.com/fr/users/dakar-auto?page=7","https://www.gaaraas.com/fr/vehicle_listings/annonce-citroen-c3-dakar-dakar-845","Citroen C3","Citroen C3","2007","2 000 000","180 000 km","Manuelle","Dakar"
"1786625683-116","https://www.gaaraas.com/fr/users/dakar-auto?page=7","https://www.gaaraas.com/fr/vehicle_listings/annonce-citroen-c3-dakar-dakar-1874","Citroen C3","Citroen C3","2006","1 500 000","160 000 km","Manuelle","Dakar"
"1786625688-117","https://www.gaaraas.com/fr/users/dakar-auto?page=7","https://www.gaaraas.com/fr/vehicle_listings/annonce-dacia-sandero-dakar-dakar-885","Dacia Sandero","Dacia Sandero","2009","2 800 000","140 000 km","Manuelle","Dakar"
"1786625693-118","https://www.gaaraas.com/fr/users/dakar-auto?page=7","https://www.gaaraas.com/fr/vehicle_listings/annonce-toyota-corolla-dakar-dakar-2190","Toyota Corolla","Toyota Corolla","2004","2 700 000","28 752 km","Manuelle","Dakar"
"1786625699-119","https://www.gaaraas.com/fr/users/dakar-auto?page=7","https://www.gaaraas.com/fr/vehicle_listings/annonce-renault-scenic-dakar-dakar-1590","Renault Scenic","Renault Scenic","2006","2 300 000","200 000 km","Manuelle","Dakar"
"1786625704-120","https://www.gaaraas.com/fr/users/dakar-auto?page=7","https://www.gaaraas.com/fr/vehicle_listings/annonce-chevrolet-sail-dakar-dakar-2068","Chevrolet Sail","Chevrolet Sail","2013","2 200 000","90 000 km","Manuelle","Dakar"
"1786625711-121","https://www.gaaraas.com/fr/users/dakar-auto?page=7","https://www.gaaraas.com/fr/vehicle_listings/annonce-citroen-c3-dakar-dakar-4199","Citroen C3","Citroen C3","2011","2 800 000","136 000 km","Manuelle","Dakar"
"1786625717-122","https://www.gaaraas.com/fr/users/dakar-auto?page=7","https://www.gaaraas.com/fr/vehicle_listings/annonce-peugeot-307-dakar-dakar-734","Peugeot 307","Peugeot 307","2008","3 200 000","128 000 km","Manuelle","Dakar"
"1786625722-123","https://www.gaaraas.com/fr/users/dakar-auto?page=7","https://www.gaaraas.com/fr/vehicle_listings/annonce-land-rover-range-rover-sport-dakar-dakar-2439","Land Rover Range Rover Sport","Land Rover Range Rover Sport","2009","","160 000 km","Automatique","Dakar"
"1786625728-124","https://www.gaaraas.com/fr/users/dakar-auto?page=7","https://www.gaaraas.com/fr/vehicle_listings/annonce-kia-carnival-dakar-dakar-2623","Kia Carnival","Kia Carnival","2008","2 500 000","160 000 km","Manuelle","Dakar"
"1786625735-125","https://www.gaaraas.com/fr/users/dakar-auto?page=7","https://www.gaaraas.com/fr/vehicle_listings/annonce-citroen-c5-dakar-dakar-4273","Citroen C5","Citroen C5","2008","2 700 000","130 000 km","Manuelle","Dakar"
"1786625748-126","https://www.gaaraas.com/fr/users/dakar-auto?page=6","https://www.gaaraas.com/fr/vehicle_listings/annonce-renault-megane-dakar-dakar-886","Renault Megane","Renault Megane","2006","1 600 000","180 000 km","Manuelle","Dakar"
"1786625756-127","https://www.gaaraas.com/fr/users/dakar-auto?page=6","https://www.gaaraas.com/fr/vehicle_listings/annonce-volkswagen-passat-dakar-dakar-270","Volkswagen Passat","Volkswagen Passat","2007","1 600 000","120 000 km","Manuelle","Dakar"
"1786625766-128","https://www.gaaraas.com/fr/users/dakar-auto?page=6","https://www.gaaraas.com/fr/vehicle_listings/annonce-peugeot-307-dakar-dakar-3546","Peugeot 307","Peugeot 307","2007","2 100 000","132 000 km","Manuelle","Dakar"
"1786625774-129","https://www.gaaraas.com/fr/users/dakar-auto?page=6","https://www.gaaraas.com/fr/vehicle_listings/annonce-renault-21-dakar-dakar-2157","Renault 21","Renault 21","2002","2 700 000","160 000 km","Manuelle","Dakar"
"1786625779-130","https://www.gaaraas.com/fr/users/dakar-auto?page=6","https://www.gaaraas.com/fr/vehicle_listings/annonce-peugeot-207-dakar-dakar-908","Peugeot 207","Peugeot 207","2008","1 800 000","120 000 km","Manuelle","Dakar"
"1786625783-131","https://www.gaaraas.com/fr/users/dakar-auto?page=6","https://www.gaaraas.com/fr/vehicle_listings/annonce-bmw-x1-dakar-dakar-280","BMW X1","BMW X1","2010","3 700 000","150 000 km","Automatique","Dakar"
"1786625787-132","https://www.gaaraas.com/fr/users/dakar-auto?page=6","https://www.gaaraas.com/fr/vehicle_listings/annonce-toyota-corolla-dakar-dakar-880","Toyota Corolla","Toyota Corolla","2008","3 300 000","140 000 km","Manuelle","Dakar"
"1786625793-133","https://www.gaaraas.com/fr/users/dakar-auto?page=6","https://www.gaaraas.com/fr/vehicle_listings/annonce-peugeot-308-dakar-dakar-1147","Peugeot 308","Peugeot 308","2008","3 300 000","120 000 km","Manuelle","Dakar"
"1786625798-134","https://www.gaaraas.com/fr/users/dakar-auto?page=6","https://www.gaaraas.com/fr/vehicle_listings/annonce-peugeot-307-dakar-dakar-2086","Peugeot 307","Peugeot 307","2007","2 400 000","160 000 km","Manuelle","Dakar"
"1786625804-135","https://www.gaaraas.com/fr/users/dakar-auto?page=6","https://www.gaaraas.com/fr/vehicle_listings/annonce-mitsubishi-l200-dakar-dakar-876","Mitsubishi L200","Mitsubishi L200","2009","7 800 000","160 000 km","Manuelle","Dakar"
"1786625809-136","https://www.gaaraas.com/fr/users/dakar-auto?page=6","https://www.gaaraas.com/fr/vehicle_listings/annonce-citroen-c3-dakar-dakar-1799","Citroen C3","Citroen C3","2008","1 800 000","160 000 km","Manuelle","Dakar"
"1786625817-137","https://www.gaaraas.com/fr/users/dakar-auto?page=6","https://www.gaaraas.com/fr/vehicle_listings/annonce-mitsubishi-asx-dakar-dakar-1150","Mitsubishi ASX","Mitsubishi ASX","2011","6 000 000","94 954 km","Manuelle","Dakar"
"1786625823-138","https://www.gaaraas.com/fr/users/dakar-auto?page=6","https://www.gaaraas.com/fr/vehicle_listings/annonce-peugeot-206-dakar-dakar-762","Peugeot 206","Peugeot 206","2008","2 300 000","164 000 km","Manuelle","Dakar"
"1786625829-139","https://www.gaaraas.com/fr/users/dakar-auto?page=6","https://www.gaaraas.com/fr/vehicle_listings/annonce-jeep-patriot-dakar-dakar-2808","Jeep Patriot","Jeep Patriot","2010","3 900 000","140 000 km","Manuelle","Dakar"
"1786625834-140","https://www.gaaraas.com/fr/users/dakar-auto?page=6","https://www.gaaraas.com/fr/vehicle_listings/annonce-bmw-315-dakar-dakar-4141","BMW 315","BMW 315","2007","1 500 000","120 000 km","Manuelle","Dakar"
"1786625841-141","https://www.gaaraas.com/fr/users/dakar-auto?page=6","https://www.gaaraas.com/fr/vehicle_listings/annonce-peugeot-307-dakar-dakar-4364","Peugeot 307","Peugeot 307","2007","2 500 000","120 000 km","Automatique","Dakar"
"1786625846-142","https://www.gaaraas.com/fr/users/dakar-auto?page=6","https://www.gaaraas.com/fr/vehicle_listings/annonce-toyota-rav4-dakar-dakar-4163","Toyota RAV4","Toyota RAV4","2008","2 900 000","130 000 km","Manuelle","Dakar"
"1786625853-143","https://www.gaaraas.com/fr/users/dakar-auto?page=6","https://www.gaaraas.com/fr/vehicle_listings/annonce-renault-19-dakar-dakar-1890","Renault 19","Renault 19","2000","1 800 000","180 000 km","Manuelle","Dakar"
"1786625859-144","https://www.gaaraas.com/fr/users/dakar-auto?page=6","https://www.gaaraas.com/fr/vehicle_listings/annonce-renault-logan-dakar-dakar-2773","Renault Logan","Renault Logan","2007","2 900 000","160 000 km","Manuelle","Dakar"
"1786625866-145","https://www.gaaraas.com/fr/users/dakar-auto?page=6","https://www.gaaraas.com/fr/vehicle_listings/annonce-citroen-c3-dakar-dakar-4136","Citroen C3","Citroen C3","2008","2 100 000","110 000 km","Manuelle","Dakar"
"1786625876-146","https://www.gaaraas.com/fr/users/dakar-auto?page=5","https://www.gaaraas.com/fr/vehicle_listings/annonce-peugeot-308-dakar-dakar-4198","Peugeot 308","Peugeot 308","2007","2 800 000","230 000 km","Manuelle","Dakar"
"1786625882-147","https://www.gaaraas.com/fr/users/dakar-auto?page=5","https://www.gaaraas.com/fr/vehicle_listings/annonce-peugeot-405-dakar-dakar-2514","Peugeot 405","Peugeot 405","2002","2 200 000","160 000 km","Manuelle","Dakar"
"1786625887-148","https://www.gaaraas.com/fr/users/dakar-auto?page=5","https://www.gaaraas.com/fr/vehicle_listings/annonce-peugeot-807-dakar-dakar-1879","Peugeot 807","Peugeot 807","2007","2 800 000","160 000 km","Manuelle","Dakar"
"1786625892-149","https://www.gaaraas.com/fr/users/dakar-auto?page=5","https://www.gaaraas.com/fr/vehicle_listings/annonce-hyundai-elantra-dakar-dakar-1235","Hyundai Elantra","Hyundai Elantra","2013","6 500 000","66 000 km","Automatique","Dakar"
"1786625901-150","https://www.gaaraas.com/fr/users/dakar-auto?page=5","https://www.gaaraas.com/fr/vehicle_listings/annonce-peugeot-307-dakar-dakar-3584","Peugeot 307","Peugeot 307","2004","2 700 000","140 000 km","Manuelle","Dakar"
"1786625912-151","https://www.gaaraas.com/fr/users/dakar-auto?page=5","https://www.gaaraas.com/fr/vehicle_listings/annonce-skoda-octavia-dakar-dakar-1928","Skoda Octavia","Skoda Octavia","2008","1 900 000","160 000 km","Manuelle","Dakar"
"1786625922-152","https://www.gaaraas.com/fr/users/dakar-auto?page=5","https://www.gaaraas.com/fr/vehicle_listings/annonce-renault-19-dakar-dakar-2615","Renault 19","Renault 19","2000","2 000 000","160 000 km","Manuelle","Dakar"
"1786625933-153","https://www.gaaraas.com/fr/users/dakar-auto?page=5","https://www.gaaraas.com/fr/vehicle_listings/annonce-renault-megane-dakar-dakar-1132","Renault Megane","Renault Megane","2008","1 600 000","160 000 km","Manuelle","Dakar"
"1786625943-154","https://www.gaaraas.com/fr/users/dakar-auto?page=5","https://www.gaaraas.com/fr/vehicle_listings/annonce-ford-escape-dakar-dakar-704","Ford Escape","Ford Escape","2010","6 000 000","180 000 km","Automatique","Dakar"
"1786625954-155","https://www.gaaraas.com/fr/users/dakar-auto?page=5","https://www.gaaraas.com/fr/vehicle_listings/annonce-hyundai-tucson-dakar-dakar-4140","Hyundai Tucson","Hyundai Tucson","2008","2 600 000","110 000 km","Manuelle","Dakar"
"1786625966-156","https://www.gaaraas.com/fr/users/dakar-auto?page=5","https://www.gaaraas.com/fr/vehicle_listings/annonce-ford-escape-dakar-dakar-3415","Ford Escape","Ford Escape","2006","4 500 000","120 000 km","Automatique","Dakar"
"1786625980-157","https://www.gaaraas.com/fr/users/dakar-auto?page=5","https://www.gaaraas.com/fr/vehicle_listings/annonce-peugeot-207-dakar-dakar-1989","Peugeot 207","Peugeot 207","2012","3 800 000","142 000 km","Automatique","Dakar"
"1786625992-158","https://www.gaaraas.com/fr/users/dakar-auto?page=5","https://www.gaaraas.com/fr/vehicle_listings/annonce-dacia-logan-dakar-dakar-2296","Dacia Logan","Dacia Logan","2009","2 200 000","160 000 km","Manuelle","Dakar"
"1786626004-159","https://www.gaaraas.com/fr/users/dakar-auto?page=5","https://www.gaaraas.com/fr/vehicle_listings/annonce-peugeot-307-dakar-dakar-862","Peugeot 307","Peugeot 307","2007","2 000 000","160 000 km","Manuelle","Dakar"
"1786626015-160","https://www.gaaraas.com/fr/users/dakar-auto?page=5","https://www.gaaraas.com/fr/vehicle_listings/annonce-ford-focus-dakar-dakar-3026","Ford Focus","Ford Focus","2014","4 500 000","115 000 km","Automatique","Dakar"
"1786626026-161","https://www.gaaraas.com/fr/users/dakar-auto?page=5","https://www.gaaraas.com/fr/vehicle_listings/annonce-peugeot-407-dakar-dakar-569","Peugeot 407","Peugeot 407","2007","2 800 000","120 000 km","Manuelle","Dakar"
"1786626040-162","https://www.gaaraas.com/fr/users/dakar-auto?page=5","https://www.gaaraas.com/fr/vehicle_listings/annonce-mitsubishi-spacestar-dakar-dakar-2614","Mitsubishi Spacestar","Mitsubishi Spacestar","2008","2 000 000","160 000 km","Manuelle","Dakar"
"1786626051-163","https://www.gaaraas.com/fr/users/dakar-auto?page=5","https://www.gaaraas.com/fr/vehicle_listings/annonce-peugeot-308-dakar-dakar-407","Peugeot 308","Peugeot 308","2008","2 500 000","140 000 km","Manuelle","Dakar"
"1786626067-164","https://www.gaaraas.com/fr/users/dakar-auto?page=5","https://www.gaaraas.com/fr/vehicle_listings/annonce-volkswagen-passat-dakar-dakar-406","Volkswagen Passat","Volkswagen Passat","2007","2 000 000","90 000 km","Automatique","Dakar"
"1786626095-165","https://www.gaaraas.com/fr/users/dakar-auto?page=5","https://www.gaaraas.com/fr/vehicle_listings/annonce-renault-clio-dakar-dakar-653","Renault Clio","Renault Clio","2010","2 700 000","120 000 km","Manuelle","Dakar"
"1786626110-166","https://www.gaaraas.com/fr/users/dakar-auto?page=4","https://www.gaaraas.com/fr/vehicle_listings/annonce-peugeot-307-dakar-dakar-1764","Peugeot 307","Peugeot 307","2007","2 000 000","160 000 km","Manuelle","Dakar"
"1786626118-167","https://www.gaaraas.com/fr/users/dakar-auto?page=4","https://www.gaaraas.com/fr/vehicle_listings/annonce-toyota-camry-dakar-dakar-3067","Toyota Camry","Toyota Camry","2009","3 500 000","145 000 km","Automatique","Dakar"
"1786626129-168","https://www.gaaraas.com/fr/users/dakar-auto?page=4","https://www.gaaraas.com/fr/vehicle_listings/annonce-citroen-c5-dakar-dakar-4380","Citroen C5","Citroen C5","2005","2 100 000","334 000 km","Manuelle","Dakar"
"1786626139-169","https://www.gaaraas.com/fr/users/dakar-auto?page=4","https://www.gaaraas.com/fr/vehicle_listings/annonce-renault-clio-dakar-dakar-418","Renault Clio","Renault Clio","2004","1 900 000","120 000 km","Manuelle","Dakar"
"1786626149-170","https://www.gaaraas.com/fr/users/dakar-auto?page=4","https://www.gaaraas.com/fr/vehicle_listings/annonce-toyota-prado-dakar-dakar-2902","Toyota Prado","Toyota Prado","2000","4 000 000","140 000 km","Manuelle","Dakar"
"1786626161-171","https://www.gaaraas.com/fr/users/dakar-auto?page=4","https://www.gaaraas.com/fr/vehicle_listings/annonce-peugeot-308-dakar-dakar-3068","Peugeot 308","Peugeot 308","2009","3 600 000","140 000 km","Manuelle","Dakar"
"1786626173-172","https://www.gaaraas.com/fr/users/dakar-auto?page=4","https://www.gaaraas.com/fr/vehicle_listings/annonce-volkswagen-golf-dakar-dakar-2193","Volkswagen Golf","Volkswagen Golf","2000","1 500 000","160 000 km","Manuelle","Dakar"
"1786626183-173","https://www.gaaraas.com/fr/users/dakar-auto?page=4","https://www.gaaraas.com/fr/vehicle_listings/annonce-peugeot-307-dakar-dakar-1326","Peugeot 307","Peugeot 307","2007","2 300 000","160 000 km","Manuelle","Dakar"
"1786626197-174","https://www.gaaraas.com/fr/users/dakar-auto?page=4","https://www.gaaraas.com/fr/vehicle_listings/annonce-peugeot-308-dakar-dakar-2219","Peugeot 308","Peugeot 308","2009","3 300 000","256 730 km","Manuelle","Dakar"
"1786626209-175","https://www.gaaraas.com/fr/users/dakar-auto?page=4","https://www.gaaraas.com/fr/vehicle_listings/annonce-kia-soul-dakar-dakar-2469","Kia Soul","Kia Soul","2010","3 500 000","172 900 km","Manuelle","Dakar"
"1786626217-176","https://www.gaaraas.com/fr/users/dakar-auto?page=4","https://www.gaaraas.com/fr/vehicle_listings/annonce-peugeot-307-dakar-dakar-1575","Peugeot 307","Peugeot 307","2008","2 800 000","160 000 km","Manuelle","Dakar"
"1786626225-177","https://www.gaaraas.com/fr/users/dakar-auto?page=4","https://www.gaaraas.com/fr/vehicle_listings/annonce-citroen-c4-dakar-dakar-2583","Citroen C4","Citroen C4","2006","2 200 000","160 000 km","Manuelle","Dakar"
"1786626237-178","https://www.gaaraas.com/fr/users/dakar-auto?page=4","https://www.gaaraas.com/fr/vehicle_listings/annonce-mitsubishi-l200-dakar-dakar-291","Mitsubishi L200","Mitsubishi L200","2012","11 900 000","116 000 km","Manuelle","Dakar"
"1786626245-179","https://www.gaaraas.com/fr/users/dakar-auto?page=4","https://www.gaaraas.com/fr/vehicle_listings/annonce-peugeot-307-dakar-dakar-2633","Peugeot 307","Peugeot 307","2007","2 500 000","160 000 km","Manuelle","Dakar"
"1786626254-180","https://www.gaaraas.com/fr/users/dakar-auto?page=4","https://www.gaaraas.com/fr/vehicle_listings/annonce-ford-edge-dakar-dakar-899","Ford Edge","Ford Edge","2008","7 000 000","125 000 km","Automatique","Dakar"
"1786626262-181","https://www.gaaraas.com/fr/users/dakar-auto?page=4","https://www.gaaraas.com/fr/vehicle_listings/annonce-daewoo-matiz-dakar-dakar-672","Daewoo Matiz","Daewoo Matiz","2009","3 000 000","120 000 km","Manuelle","Dakar"
"1786626269-182","https://www.gaaraas.com/fr/users/dakar-auto?page=4","https://www.gaaraas.com/fr/vehicle_listings/annonce-peugeot-307-dakar-dakar-2612","Peugeot 307","Peugeot 307","2007","2 200 000","160 000 km","Manuelle","Dakar"
"1786626276-183","https://www.gaaraas.com/fr/users/dakar-auto?page=4","https://www.gaaraas.com/fr/vehicle_listings/annonce-citroen-c4-dakar-dakar-2214","Citroen C4","Citroen C4","2008","2 100 000","160 000 km","Manuelle","Dakar"
"1786626285-184","https://www.gaaraas.com/fr/users/dakar-auto?page=4","https://www.gaaraas.com/fr/vehicle_listings/annonce-peugeot-307-dakar-dakar-154","Peugeot 307","Peugeot 307","2007","2 300 000","210 000 km","Manuelle","Dakar"
"1786626300-185","https://www.gaaraas.com/fr/users/dakar-auto?page=4","https://www.gaaraas.com/fr/vehicle_listings/annonce-ford-escape-dakar-dakar-3738","Ford Escape","Ford Escape","2011","4 000 000","109 400 km","Manuelle","Dakar"
"1786626322-186","https://www.gaaraas.com/fr/users/dakar-auto?page=3","https://www.gaaraas.com/fr/vehicle_listings/annonce-peugeot-307-dakar-dakar-3585","Peugeot 307","Peugeot 307","2007","2 100 000","140 000 km","Manuelle","Dakar"
"1786626338-187","https://www.gaaraas.com/fr/users/dakar-auto?page=3","https://www.gaaraas.com/fr/vehicle_listings/annonce-hyundai-tucson-dakar-dakar-3571","Hyundai Tucson","Hyundai Tucson","2009","4 000 000","140 000 km","Manuelle","Dakar"
"1786626353-188","https://www.gaaraas.com/fr/users/dakar-auto?page=3","https://www.gaaraas.com/fr/vehicle_listings/annonce-peugeot-308-dakar-dakar-1777","Peugeot 308","Peugeot 308","2009","2 300 000","311 368 km","Manuelle","Dakar"
"1786626367-189","https://www.gaaraas.com/fr/users/dakar-auto?page=3","https://www.gaaraas.com/fr/vehicle_listings/annonce-peugeot-406-dakar-dakar-1152","Peugeot 406","Peugeot 406","2003","2 600 000","160 000 km","Manuelle","Dakar"
"1786626384-190","https://www.gaaraas.com/fr/users/dakar-auto?page=3","https://www.gaaraas.com/fr/vehicle_listings/annonce-renault-19-dakar-dakar-2726","Renault 19","Renault 19","2002","2 100 000","160 000 km","Manuelle","Dakar"
"1786626391-191","https://www.gaaraas.com/fr/users/dakar-auto?page=3","https://www.gaaraas.com/fr/vehicle_listings/annonce-peugeot-406-dakar-dakar-3223","Peugeot 406","Peugeot 406","2002","2 200 000","140 000 km","Manuelle","Dakar"
"1786626398-192","https://www.gaaraas.com/fr/users/dakar-auto?page=3","https://www.gaaraas.com/fr/vehicle_listings/annonce-peugeot-406-dakar-dakar-1343","Peugeot 406","Peugeot 406","2004","2 000 000","18 000 km","Manuelle","Dakar"
"1786626404-193","https://www.gaaraas.com/fr/users/dakar-auto?page=3","https://www.gaaraas.com/fr/vehicle_listings/annonce-renault-laguna-dakar-dakar-1895","Renault Laguna","Renault Laguna","2007","2 300 000","84 000 km","Manuelle","Dakar"
"1786626412-194","https://www.gaaraas.com/fr/users/dakar-auto?page=3","https://www.gaaraas.com/fr/vehicle_listings/annonce-mitsubishi-l200-dakar-dakar-1998","Mitsubishi L200","Mitsubishi L200","2008","7 200 000","160 000 km","Manuelle","Dakar"
"1786626420-195","https://www.gaaraas.com/fr/users/dakar-auto?page=3","https://www.gaaraas.com/fr/vehicle_listings/annonce-renault-megane-dakar-dakar-1107","Renault Megane","Renault Megane","2006","1 700 000","180 000 km","Manuelle","Dakar"
"1786626429-196","https://www.gaaraas.com/fr/users/dakar-auto?page=3","https://www.gaaraas.com/fr/vehicle_listings/annonce-ssangyong-kyron-dakar-dakar-1184","SsangYong Kyron","SsangYong Kyron","2007","2 000 000","120 000 km","Automatique","Dakar"
"1786626441-197","https://www.gaaraas.com/fr/users/dakar-auto?page=3","https://www.gaaraas.com/fr/vehicle_listings/annonce-nissan-altima-dakar-dakar-3589","Nissan Altima","Nissan Altima","2012","3 000 000","130 000 km","Automatique","Dakar"
"1786626449-198","https://www.gaaraas.com/fr/users/dakar-auto?page=3","https://www.gaaraas.com/fr/vehicle_listings/annonce-hyundai-getz-dakar-dakar-4133","Hyundai Getz","Hyundai Getz","2008","1 800 000","98 000 km","Manuelle","Dakar"
"1786626458-199","https://www.gaaraas.com/fr/users/dakar-auto?page=3","https://www.gaaraas.com/fr/vehicle_listings/annonce-peugeot-307-dakar-dakar-583","Peugeot 307","Peugeot 307","2008","2 500 000","128 000 km","Manuelle","Dakar"
"1786626466-200","https://www.gaaraas.com/fr/users/dakar-auto?page=3","https://www.gaaraas.com/fr/vehicle_listings/annonce-ford-focus-dakar-dakar-3057","Ford Focus","Ford Focus","2006","2 150 000","160 000 km","Manuelle","Dakar"
"1786626474-201","https://www.gaaraas.com/fr/users/dakar-auto?page=3","https://www.gaaraas.com/fr/vehicle_listings/annonce-peugeot-307-dakar-dakar-3463","Peugeot 307","Peugeot 307","2008","3 200 000","140 000 km","Manuelle","Dakar"
"1786626482-202","https://www.gaaraas.com/fr/users/dakar-auto?page=3","https://www.gaaraas.com/fr/vehicle_listings/annonce-toyota-land-cruiser-prado-dakar-dakar-4202","Toyota Land Cruiser Prado","Toyota Land Cruiser Prado","2005","3 800 000","130 000 km","Manuelle","Dakar"
"1786626492-203","https://www.gaaraas.com/fr/users/dakar-auto?page=3","https://www.gaaraas.com/fr/vehicle_listings/annonce-peugeot-307-dakar-dakar-2047","Peugeot 307","Peugeot 307","2007","2 200 000","160 000 km","Manuelle","Dakar"
"1786626501-204","https://www.gaaraas.com/fr/users/dakar-auto?page=3","https://www.gaaraas.com/fr/vehicle_listings/annonce-volkswagen-passat-dakar-dakar-3470","Volkswagen Passat","Volkswagen Passat","2007","2 900 000","265 000 km","Manuelle","Dakar"
"1786626509-205","https://www.gaaraas.com/fr/users/dakar-auto?page=3","https://www.gaaraas.com/fr/vehicle_listings/annonce-ford-taurus-dakar-dakar-3404","Ford Taurus","Ford Taurus","2006","3 800 000","200 000 km","Manuelle","Dakar"
"1786626521-206","https://www.gaaraas.com/fr/users/dakar-auto?page=2","https://www.gaaraas.com/fr/vehicle_listings/annonce-volkswagen-passat-dakar-dakar-820","Volkswagen Passat","Volkswagen Passat","2006","2 500 000","164 686 km","Manuelle","Dakar"
"1786626530-207","https://www.gaaraas.com/fr/users/dakar-auto?page=2","https://www.gaaraas.com/fr/vehicle_listings/annonce-hyundai-tucson-dakar-dakar-739","Hyundai Tucson","Hyundai Tucson","2006","3 000 000","164 231 km","Manuelle","Dakar"
"1786626541-208","https://www.gaaraas.com/fr/users/dakar-auto?page=2","https://www.gaaraas.com/fr/vehicle_listings/annonce-opel-astra-dakar-dakar-1153","Opel Astra","Opel Astra","2003","2 500 000","160 000 km","Manuelle","Dakar"
"1786626554-209","https://www.gaaraas.com/fr/users/dakar-auto?page=2","https://www.gaaraas.com/fr/vehicle_listings/annonce-hyundai-sonata-dakar-dakar-2221","Hyundai Sonata","Hyundai Sonata","2011","3 500 000","66 000 km","Automatique","Dakar"
"1786626564-210","https://www.gaaraas.com/fr/users/dakar-auto?page=2","https://www.gaaraas.com/fr/vehicle_listings/annonce-peugeot-307-dakar-dakar-2632","Peugeot 307","Peugeot 307","2008","1 900 000","160 000 km","Manuelle","Dakar"
"1786626575-211","https://www.gaaraas.com/fr/users/dakar-auto?page=2","https://www.gaaraas.com/fr/vehicle_listings/annonce-skoda-octavia-dakar-dakar-2498","Skoda Octavia","Skoda Octavia","2012","4 000 000","70 000 km","Manuelle","Dakar"
"1786626589-212","https://www.gaaraas.com/fr/users/dakar-auto?page=2","https://www.gaaraas.com/fr/vehicle_listings/annonce-toyota-camry-dakar-dakar-463","Toyota Camry","Toyota Camry","2011","3 800 000","0 km","Automatique","Dakar"
"1786626600-213","https://www.gaaraas.com/fr/users/dakar-auto?page=2","https://www.gaaraas.com/fr/vehicle_listings/annonce-rover-600-dakar-dakar-677","Rover 600","Rover 600","2002","1 800 000","128 000 km","Manuelle","Dakar"
"1786626610-214","https://www.gaaraas.com/fr/users/dakar-auto?page=2","https://www.gaaraas.com/fr/vehicle_listings/annonce-renault-19-dakar-dakar-1861","Renault 19","Renault 19","1989","2 300 000","180 000 km","Manuelle","Dakar"
"1786626623-215","https://www.gaaraas.com/fr/users/dakar-auto?page=2","https://www.gaaraas.com/fr/vehicle_listings/annonce-kia-sorento-dakar-dakar-2807","Kia Sorento","Kia Sorento","2009","3 800 000","140 000 km","Manuelle","Dakar"
"1786626632-216","https://www.gaaraas.com/fr/users/dakar-auto?page=2","https://www.gaaraas.com/fr/vehicle_listings/annonce-peugeot-307-dakar-dakar-2371","Peugeot 307","Peugeot 307","2008","2 600 000","250 000 km","Manuelle","Dakar"
"1786626641-217","https://www.gaaraas.com/fr/users/dakar-auto?page=2","https://www.gaaraas.com/fr/vehicle_listings/annonce-peugeot-309-dakar-dakar-4162","Peugeot 309","Peugeot 309","2000","2 800 000","130 000 km","Manuelle","Dakar"
"1786626651-218","https://www.gaaraas.com/fr/users/dakar-auto?page=2","https://www.gaaraas.com/fr/vehicle_listings/annonce-chevrolet-camaro-dakar-dakar-325","Chevrolet Camaro","Chevrolet Camaro","2012","4 000 000","220 000 km","Manuelle","Dakar"
"1786626660-219","https://www.gaaraas.com/fr/users/dakar-auto?page=2","https://www.gaaraas.com/fr/vehicle_listings/annonce-toyota-aygo-dakar-dakar-1778","Toyota Aygo","Toyota Aygo","2009","2 700 000","150 000 km","Manuelle","Dakar"
"1786626670-220","https://www.gaaraas.com/fr/users/dakar-auto?page=2","https://www.gaaraas.com/fr/vehicle_listings/annonce-skoda-fabia-dakar-dakar-611","Skoda Fabia","Skoda Fabia","2007","1 800 000","220 000 km","Manuelle","Dakar"
"1786626681-221","https://www.gaaraas.com/fr/users/dakar-auto?page=2","https://www.gaaraas.com/fr/vehicle_listings/annonce-honda-civic-dakar-dakar-806","Honda Civic","Honda Civic","2007","2 300 000","180 000 km","Automatique","Dakar"
"1786626695-222","https://www.gaaraas.com/fr/users/dakar-auto?page=2","https://www.gaaraas.com/fr/vehicle_listings/annonce-dacia-logan-dakar-dakar-848","Dacia Logan","Dacia Logan","2010","2 000 000","161 000 km","Manuelle","Dakar"
"1786626704-223","https://www.gaaraas.com/fr/users/dakar-auto?page=2","https://www.gaaraas.com/fr/vehicle_listings/annonce-honda-elysion-dakar-dakar-1905","Honda Elysion","Honda Elysion","2011","3 500 000","160 000 km","Automatique","Dakar"
"1786626713-224","https://www.gaaraas.com/fr/users/dakar-auto?page=2","https://www.gaaraas.com/fr/vehicle_listings/annonce-renault-megane-dakar-dakar-1779","Renault Megane","Renault Megane","2005","2 000 000","160 000 km","Manuelle","Dakar"
"1786626721-225","https://www.gaaraas.com/fr/users/dakar-auto?page=2","https://www.gaaraas.com/fr/vehicle_listings/annonce-renault-scenic-dakar-dakar-2610","Renault Scenic","Renault Scenic","2005","2 200 000","140 000 km","Manuelle","Dakar"
"1786626744-226","https://www.gaaraas.com/fr/users/dakar-auto?page=1","https://www.gaaraas.com/fr/vehicle_listings/annonce-peugeot-605-dakar-dakar-2622","Peugeot 605","Peugeot 605","2004","2 200 000","160 000 km","Manuelle","Dakar"
"1786626752-227","https://www.gaaraas.com/fr/users/dakar-auto?page=1","https://www.gaaraas.com/fr/vehicle_listings/annonce-nissan-altima-dakar-dakar-4139","Nissan Altima","Nissan Altima","2014","2 500 000","110 000 km","Automatique","Dakar"
"1786626761-228","https://www.gaaraas.com/fr/users/dakar-auto?page=1","https://www.gaaraas.com/fr/vehicle_listings/annonce-renault-scenic-dakar-dakar-2451","Renault Scenic","Renault Scenic","2009","1 300 000","160 000 km","Manuelle","Dakar"
"1786626770-229","https://www.gaaraas.com/fr/users/dakar-auto?page=1","https://www.gaaraas.com/fr/vehicle_listings/annonce-peugeot-308-dakar-dakar-895","Peugeot 308","Peugeot 308","2012","3 800 000","103 000 km","Manuelle","Dakar"
"1786626782-230","https://www.gaaraas.com/fr/users/dakar-auto?page=1","https://www.gaaraas.com/fr/vehicle_listings/annonce-mercedes-benz-190-dakar-dakar-3645","Mercedes‒Benz 190","Mercedes‒Benz 190","2004","2 200 000","140 000 km","Manuelle","Dakar"
"1786626796-231","https://www.gaaraas.com/fr/users/dakar-auto?page=1","https://www.gaaraas.com/fr/vehicle_listings/annonce-mitsubishi-l200-dakar-dakar-2431","Mitsubishi L200","Mitsubishi L200","2006","7 500 000","160 000 km","Manuelle","Dakar"
"1786626803-232","https://www.gaaraas.com/fr/users/dakar-auto?page=1","https://www.gaaraas.com/fr/vehicle_listings/annonce-toyota-auris-dakar-dakar-3321","Toyota Auris","Toyota Auris","2005","3 500 000","179 315 km","Manuelle","Dakar"
"1786626811-233","https://www.gaaraas.com/fr/users/dakar-auto?page=1","https://www.gaaraas.com/fr/vehicle_listings/annonce-land-rover-range-rover-sport-dakar-dakar-4197","Land Rover Range Rover Sport","Land Rover Range Rover Sport","2008","6 000 000","130 000 km","Automatique","Dakar"
"1786626818-234","https://www.gaaraas.com/fr/users/dakar-auto?page=1","https://www.gaaraas.com/fr/vehicle_listings/annonce-ford-edge-dakar-dakar-1102","Ford Edge","Ford Edge","2011","9 800 000","80 000 km","Automatique","Dakar"
"1786626827-235","https://www.gaaraas.com/fr/users/dakar-auto?page=1","https://www.gaaraas.com/fr/vehicle_listings/annonce-citroen-c3-dakar-dakar-304","Citroen C3","Citroen C3","N/A","1 800 000","220 000 km","Manuelle","Dakar"
"1786626835-236","https://www.gaaraas.com/fr/users/dakar-auto?page=1","https://www.gaaraas.com/fr/vehicle_listings/annonce-citroen-berlingo-dakar-dakar-2430","Citroen Berlingo","Citroen Berlingo","2008","3 300 000","214 000 km","Manuelle","Dakar"
"1786626847-237","https://www.gaaraas.com/fr/users/dakar-auto?page=1","https://www.gaaraas.com/fr/vehicle_listings/annonce-nissan-murano-dakar-dakar-4351","Nissan Murano","Nissan Murano","2011","2 300 000","188 000 km","Automatique","Dakar"
"1786626856-238","https://www.gaaraas.com/fr/users/dakar-auto?page=1","https://www.gaaraas.com/fr/vehicle_listings/annonce-hyundai-tucson-dakar-dakar-2806","Hyundai Tucson","Hyundai Tucson","2008","3 400 000","140 000 km","Manuelle","Dakar"
"1786626869-239","https://www.gaaraas.com/fr/users/dakar-auto?page=1","https://www.gaaraas.com/fr/vehicle_listings/annonce-volkswagen-golf-dakar-dakar-740","Volkswagen Golf","Volkswagen Golf","2003","2 500 000","160 000 km","Manuelle","Dakar"
"1786626881-240","https://www.gaaraas.com/fr/users/dakar-auto?page=1","https://www.gaaraas.com/fr/vehicle_listings/annonce-citroen-c3-dakar-dakar-610","Citroen C3","Citroen C3","2008","2 300 000","128 000 km","Manuelle","Dakar"
"1786626902-241","https://www.gaaraas.com/fr/users/dakar-auto?page=1","https://www.gaaraas.com/fr/vehicle_listings/annonce-peugeot-307-dakar-dakar-1341","Peugeot 307","Peugeot 307","2007","2 400 000","160 000 km","Manuelle","Dakar"
"1786626920-242","https://www.gaaraas.com/fr/users/dakar-auto?page=1","https://www.gaaraas.com/fr/vehicle_listings/annonce-mazda-6-dakar-dakar-3224","Mazda 6","Mazda 6","2010","4 000 000","182 000 km","Automatique","Dakar"
"1786626937-243","https://www.gaaraas.com/fr/users/dakar-auto?page=1","https://www.gaaraas.com/fr/vehicle_listings/annonce-nissan-qashqai-dakar-dakar-3432","Nissan Qashqai","Nissan Qashqai","2014","7 800 000","63 000 km","Automatique","Dakar"
"1786626960-244","https://www.gaaraas.com/fr/users/dakar-auto?page=1","https://www.gaaraas.com/fr/vehicle_listings/annonce-ford-escort-dakar-dakar-644","Ford Escort","Ford Escort","2007","2 700 000","174 000 km","Manuelle","Dakar"
"1786626980-245","https://www.gaaraas.com/fr/users/dakar-auto?page=1","https://www.gaaraas.com/fr/vehicle_listings/annonce-nissan-murano-dakar-dakar-855","Nissan Murano","Nissan Murano","2008","3 200 000","115 305 km","Automatique","Dakar"
